iter	MultiClass
0	0.2936511311
1	0.1627932271
2	0.09552348318
3	0.05802445504
4	0.0358784318
5	0.02279665714
6	0.01698182493
7	0.01230844585
8	0.008893729635
9	0.006962852121
